[
{
  "model": "admin.logentry",
  "pk": 1,
  "fields": {
    "action_time": "2023-05-15T05:50:23.623Z",
    "user": 1,
    "content_type": 7,
    "object_id": "1",
    "object_repr": "Первый пост",
    "action_flag": 1,
    "change_message": "[{\"added\": {}}]"
  }
},
{
  "model": "admin.logentry",
  "pk": 2,
  "fields": {
    "action_time": "2023-05-15T11:41:11.359Z",
    "user": 1,
    "content_type": 7,
    "object_id": "1",
    "object_repr": "Первый пост",
    "action_flag": 2,
    "change_message": "[{\"changed\": {\"fields\": [\"\\u0421\\u0442\\u0430\\u0442\\u0443\\u0441\"]}}]"
  }
},
{
  "model": "admin.logentry",
  "pk": 3,
  "fields": {
    "action_time": "2023-05-15T11:41:11.474Z",
    "user": 1,
    "content_type": 7,
    "object_id": "1",
    "object_repr": "Первый пост",
    "action_flag": 2,
    "change_message": "[]"
  }
},
{
  "model": "admin.logentry",
  "pk": 4,
  "fields": {
    "action_time": "2023-05-15T11:41:27.876Z",
    "user": 1,
    "content_type": 7,
    "object_id": "1",
    "object_repr": "Первый пост",
    "action_flag": 2,
    "change_message": "[]"
  }
},
{
  "model": "admin.logentry",
  "pk": 5,
  "fields": {
    "action_time": "2023-05-15T11:41:40.142Z",
    "user": 1,
    "content_type": 7,
    "object_id": "2",
    "object_repr": "Диплом о профессиональной переподготовке по программе Python-разработчик",
    "action_flag": 1,
    "change_message": "[{\"added\": {}}]"
  }
},
{
  "model": "admin.logentry",
  "pk": 6,
  "fields": {
    "action_time": "2023-05-15T11:54:48.934Z",
    "user": 1,
    "content_type": 7,
    "object_id": "1",
    "object_repr": "Первый пост",
    "action_flag": 3,
    "change_message": ""
  }
},
{
  "model": "admin.logentry",
  "pk": 7,
  "fields": {
    "action_time": "2023-05-15T11:54:48.942Z",
    "user": 1,
    "content_type": 7,
    "object_id": "2",
    "object_repr": "Диплом о профессиональной переподготовке по программе Python-разработчик",
    "action_flag": 3,
    "change_message": ""
  }
},
{
  "model": "admin.logentry",
  "pk": 8,
  "fields": {
    "action_time": "2023-05-15T12:10:19.235Z",
    "user": 1,
    "content_type": 7,
    "object_id": "3",
    "object_repr": "New post",
    "action_flag": 2,
    "change_message": "[{\"changed\": {\"fields\": [\"\\u0421\\u0442\\u0430\\u0442\\u0443\\u0441\"]}}]"
  }
},
{
  "model": "admin.logentry",
  "pk": 9,
  "fields": {
    "action_time": "2023-05-15T12:12:51.350Z",
    "user": 1,
    "content_type": 7,
    "object_id": "3",
    "object_repr": "New post",
    "action_flag": 2,
    "change_message": "[{\"changed\": {\"fields\": [\"\\u0421\\u0442\\u0430\\u0442\\u0443\\u0441\"]}}]"
  }
},
{
  "model": "admin.logentry",
  "pk": 10,
  "fields": {
    "action_time": "2023-05-15T12:37:25.974Z",
    "user": 1,
    "content_type": 7,
    "object_id": "3",
    "object_repr": "New post",
    "action_flag": 2,
    "change_message": "[{\"changed\": {\"fields\": [\"\\u0421\\u0442\\u0430\\u0442\\u0443\\u0441\"]}}]"
  }
},
{
  "model": "admin.logentry",
  "pk": 11,
  "fields": {
    "action_time": "2023-05-15T12:37:50.425Z",
    "user": 1,
    "content_type": 7,
    "object_id": "3",
    "object_repr": "New post",
    "action_flag": 2,
    "change_message": "[{\"changed\": {\"fields\": [\"\\u0421\\u0442\\u0430\\u0442\\u0443\\u0441\"]}}]"
  }
},
{
  "model": "admin.logentry",
  "pk": 12,
  "fields": {
    "action_time": "2023-05-15T12:39:45.286Z",
    "user": 1,
    "content_type": 7,
    "object_id": "3",
    "object_repr": "New post",
    "action_flag": 2,
    "change_message": "[{\"changed\": {\"fields\": [\"\\u0421\\u0442\\u0430\\u0442\\u0443\\u0441\"]}}]"
  }
},
{
  "model": "admin.logentry",
  "pk": 13,
  "fields": {
    "action_time": "2023-05-16T08:03:42.353Z",
    "user": 1,
    "content_type": 7,
    "object_id": "3",
    "object_repr": "New post",
    "action_flag": 3,
    "change_message": ""
  }
},
{
  "model": "admin.logentry",
  "pk": 14,
  "fields": {
    "action_time": "2023-05-16T08:18:45.861Z",
    "user": 1,
    "content_type": 7,
    "object_id": "4",
    "object_repr": "Тестовый пост",
    "action_flag": 1,
    "change_message": "[{\"added\": {}}]"
  }
},
{
  "model": "admin.logentry",
  "pk": 15,
  "fields": {
    "action_time": "2023-05-16T08:28:05.521Z",
    "user": 1,
    "content_type": 7,
    "object_id": "4",
    "object_repr": "Тестовый пост",
    "action_flag": 3,
    "change_message": ""
  }
},
{
  "model": "admin.logentry",
  "pk": 16,
  "fields": {
    "action_time": "2023-05-16T08:29:04.515Z",
    "user": 1,
    "content_type": 7,
    "object_id": "5",
    "object_repr": "Тестовый пост",
    "action_flag": 1,
    "change_message": "[{\"added\": {}}]"
  }
},
{
  "model": "admin.logentry",
  "pk": 17,
  "fields": {
    "action_time": "2023-05-16T08:38:44.390Z",
    "user": 1,
    "content_type": 7,
    "object_id": "5",
    "object_repr": "Тестовый пост",
    "action_flag": 3,
    "change_message": ""
  }
},
{
  "model": "admin.logentry",
  "pk": 18,
  "fields": {
    "action_time": "2023-05-16T08:39:02.486Z",
    "user": 1,
    "content_type": 7,
    "object_id": "6",
    "object_repr": "dfsfdg",
    "action_flag": 1,
    "change_message": "[{\"added\": {}}]"
  }
},
{
  "model": "admin.logentry",
  "pk": 19,
  "fields": {
    "action_time": "2023-05-16T08:55:45.025Z",
    "user": 1,
    "content_type": 7,
    "object_id": "6",
    "object_repr": "Voluptatem quia voluptas",
    "action_flag": 2,
    "change_message": "[{\"changed\": {\"fields\": [\"\\u0417\\u0430\\u0433\\u043e\\u043b\\u043e\\u0432\\u043e\\u043a\", \"\\u041a\\u043e\\u043d\\u0442\\u0435\\u043d\\u0442\"]}}]"
  }
},
{
  "model": "admin.logentry",
  "pk": 20,
  "fields": {
    "action_time": "2023-05-16T09:53:58.183Z",
    "user": 1,
    "content_type": 7,
    "object_id": "7",
    "object_repr": "Voluptatem quia voluptas2",
    "action_flag": 1,
    "change_message": "[{\"added\": {}}]"
  }
},
{
  "model": "admin.logentry",
  "pk": 21,
  "fields": {
    "action_time": "2023-05-16T09:54:19.490Z",
    "user": 1,
    "content_type": 7,
    "object_id": "8",
    "object_repr": "Voluptatem quia voluptas3",
    "action_flag": 1,
    "change_message": "[{\"added\": {}}]"
  }
},
{
  "model": "admin.logentry",
  "pk": 22,
  "fields": {
    "action_time": "2023-05-16T09:54:44.072Z",
    "user": 1,
    "content_type": 7,
    "object_id": "9",
    "object_repr": "Voluptatem quia voluptas4",
    "action_flag": 1,
    "change_message": "[{\"added\": {}}]"
  }
},
{
  "model": "admin.logentry",
  "pk": 23,
  "fields": {
    "action_time": "2023-05-17T08:29:00.964Z",
    "user": 1,
    "content_type": 9,
    "object_id": "1",
    "object_repr": "Комментарий от Евгений к статье Voluptatem quia voluptas4",
    "action_flag": 1,
    "change_message": "[{\"added\": {}}]"
  }
},
{
  "model": "admin.logentry",
  "pk": 24,
  "fields": {
    "action_time": "2023-05-17T08:39:40.535Z",
    "user": 1,
    "content_type": 9,
    "object_id": "2",
    "object_repr": "Комментарий от teat teat к статье Voluptatem quia voluptas4",
    "action_flag": 1,
    "change_message": "[{\"added\": {}}]"
  }
},
{
  "model": "admin.logentry",
  "pk": 25,
  "fields": {
    "action_time": "2023-05-17T10:08:28.616Z",
    "user": 1,
    "content_type": 9,
    "object_id": "1",
    "object_repr": "Комментарий от Евгений к статье Voluptatem quia voluptas4",
    "action_flag": 2,
    "change_message": "[{\"changed\": {\"fields\": [\"\\u0410\\u043a\\u0442\\u0438\\u0432\\u043d\\u044b\\u0439\"]}}]"
  }
},
{
  "model": "admin.logentry",
  "pk": 26,
  "fields": {
    "action_time": "2023-05-17T11:09:06.317Z",
    "user": 1,
    "content_type": 7,
    "object_id": "6",
    "object_repr": "Voluptatem quia voluptas",
    "action_flag": 2,
    "change_message": "[{\"changed\": {\"fields\": [\"Tags\"]}}]"
  }
},
{
  "model": "admin.logentry",
  "pk": 27,
  "fields": {
    "action_time": "2023-05-17T11:09:18.243Z",
    "user": 1,
    "content_type": 7,
    "object_id": "6",
    "object_repr": "Voluptatem quia voluptas",
    "action_flag": 2,
    "change_message": "[]"
  }
},
{
  "model": "admin.logentry",
  "pk": 28,
  "fields": {
    "action_time": "2023-05-17T11:09:24.881Z",
    "user": 1,
    "content_type": 7,
    "object_id": "7",
    "object_repr": "Voluptatem quia voluptas2",
    "action_flag": 2,
    "change_message": "[{\"changed\": {\"fields\": [\"Tags\"]}}]"
  }
},
{
  "model": "admin.logentry",
  "pk": 29,
  "fields": {
    "action_time": "2023-05-17T11:28:48.245Z",
    "user": 1,
    "content_type": 7,
    "object_id": "6",
    "object_repr": "Voluptatem quia voluptas",
    "action_flag": 2,
    "change_message": "[{\"changed\": {\"fields\": [\"Tags\"]}}]"
  }
},
{
  "model": "admin.logentry",
  "pk": 30,
  "fields": {
    "action_time": "2023-05-17T11:34:46.898Z",
    "user": 1,
    "content_type": 7,
    "object_id": "7",
    "object_repr": "Voluptatem quia voluptas2",
    "action_flag": 2,
    "change_message": "[{\"changed\": {\"fields\": [\"Tags\"]}}]"
  }
},
{
  "model": "admin.logentry",
  "pk": 31,
  "fields": {
    "action_time": "2023-05-17T16:49:15.487Z",
    "user": 1,
    "content_type": 7,
    "object_id": "6",
    "object_repr": "Voluptatem quia voluptas",
    "action_flag": 2,
    "change_message": "[{\"changed\": {\"fields\": [\"Tags\"]}}]"
  }
},
{
  "model": "admin.logentry",
  "pk": 32,
  "fields": {
    "action_time": "2023-05-17T16:49:28.814Z",
    "user": 1,
    "content_type": 7,
    "object_id": "7",
    "object_repr": "Voluptatem quia voluptas2",
    "action_flag": 2,
    "change_message": "[{\"changed\": {\"fields\": [\"Tags\"]}}]"
  }
},
{
  "model": "admin.logentry",
  "pk": 33,
  "fields": {
    "action_time": "2023-05-17T16:49:49.015Z",
    "user": 1,
    "content_type": 7,
    "object_id": "8",
    "object_repr": "Voluptatem quia voluptas3",
    "action_flag": 2,
    "change_message": "[{\"changed\": {\"fields\": [\"Tags\"]}}]"
  }
},
{
  "model": "admin.logentry",
  "pk": 34,
  "fields": {
    "action_time": "2023-05-17T16:49:57.416Z",
    "user": 1,
    "content_type": 7,
    "object_id": "9",
    "object_repr": "Voluptatem quia voluptas4",
    "action_flag": 2,
    "change_message": "[{\"changed\": {\"fields\": [\"Tags\"]}}]"
  }
},
{
  "model": "admin.logentry",
  "pk": 35,
  "fields": {
    "action_time": "2023-05-18T03:50:09.077Z",
    "user": 1,
    "content_type": 7,
    "object_id": "6",
    "object_repr": "Voluptatem quia voluptas",
    "action_flag": 2,
    "change_message": "[{\"changed\": {\"fields\": [\"Tags\"]}}]"
  }
},
{
  "model": "admin.logentry",
  "pk": 36,
  "fields": {
    "action_time": "2023-05-18T04:14:17.826Z",
    "user": 1,
    "content_type": 7,
    "object_id": "9",
    "object_repr": "Voluptatem quia voluptas4",
    "action_flag": 2,
    "change_message": "[{\"changed\": {\"fields\": [\"Tags\"]}}]"
  }
},
{
  "model": "admin.logentry",
  "pk": 37,
  "fields": {
    "action_time": "2023-05-18T07:00:54.920Z",
    "user": 1,
    "content_type": 9,
    "object_id": "1",
    "object_repr": "Комментарий от Евгений к статье Voluptatem quia voluptas4",
    "action_flag": 3,
    "change_message": ""
  }
},
{
  "model": "admin.logentry",
  "pk": 38,
  "fields": {
    "action_time": "2023-05-18T07:00:54.931Z",
    "user": 1,
    "content_type": 9,
    "object_id": "2",
    "object_repr": "Комментарий от teat teat к статье Voluptatem quia voluptas4",
    "action_flag": 3,
    "change_message": ""
  }
},
{
  "model": "admin.logentry",
  "pk": 39,
  "fields": {
    "action_time": "2023-05-18T07:00:54.936Z",
    "user": 1,
    "content_type": 9,
    "object_id": "3",
    "object_repr": "Комментарий от вапвап к статье Voluptatem quia voluptas3",
    "action_flag": 3,
    "change_message": ""
  }
},
{
  "model": "admin.logentry",
  "pk": 40,
  "fields": {
    "action_time": "2023-05-18T07:00:54.941Z",
    "user": 1,
    "content_type": 9,
    "object_id": "4",
    "object_repr": "Комментарий от вапвап к статье Voluptatem quia voluptas3",
    "action_flag": 3,
    "change_message": ""
  }
},
{
  "model": "admin.logentry",
  "pk": 41,
  "fields": {
    "action_time": "2023-05-18T07:00:54.947Z",
    "user": 1,
    "content_type": 9,
    "object_id": "5",
    "object_repr": "Комментарий от вапвап к статье Voluptatem quia voluptas3",
    "action_flag": 3,
    "change_message": ""
  }
},
{
  "model": "admin.logentry",
  "pk": 42,
  "fields": {
    "action_time": "2023-05-18T07:00:54.947Z",
    "user": 1,
    "content_type": 9,
    "object_id": "6",
    "object_repr": "Комментарий от sdfsdfs к статье Voluptatem quia voluptas3",
    "action_flag": 3,
    "change_message": ""
  }
},
{
  "model": "admin.logentry",
  "pk": 43,
  "fields": {
    "action_time": "2023-05-18T07:00:54.947Z",
    "user": 1,
    "content_type": 9,
    "object_id": "7",
    "object_repr": "Комментарий от sdfsdfs к статье Voluptatem quia voluptas3",
    "action_flag": 3,
    "change_message": ""
  }
},
{
  "model": "admin.logentry",
  "pk": 44,
  "fields": {
    "action_time": "2023-05-18T07:00:54.961Z",
    "user": 1,
    "content_type": 9,
    "object_id": "8",
    "object_repr": "Комментарий от sdfsdf к статье Voluptatem quia voluptas2",
    "action_flag": 3,
    "change_message": ""
  }
},
{
  "model": "admin.logentry",
  "pk": 45,
  "fields": {
    "action_time": "2023-05-18T07:00:54.966Z",
    "user": 1,
    "content_type": 9,
    "object_id": "9",
    "object_repr": "Комментарий от sdfsdf к статье Voluptatem quia voluptas2",
    "action_flag": 3,
    "change_message": ""
  }
},
{
  "model": "admin.logentry",
  "pk": 46,
  "fields": {
    "action_time": "2023-05-18T07:00:54.970Z",
    "user": 1,
    "content_type": 9,
    "object_id": "10",
    "object_repr": "Комментарий от asdas к статье Voluptatem quia voluptas2",
    "action_flag": 3,
    "change_message": ""
  }
},
{
  "model": "admin.logentry",
  "pk": 47,
  "fields": {
    "action_time": "2023-05-18T07:01:16.164Z",
    "user": 1,
    "content_type": 9,
    "object_id": "11",
    "object_repr": "Комментарий от Евгений Сергеевич Волочек к статье Voluptatem quia voluptas2",
    "action_flag": 1,
    "change_message": "[{\"added\": {}}]"
  }
},
{
  "model": "admin.logentry",
  "pk": 48,
  "fields": {
    "action_time": "2023-05-18T07:01:28.929Z",
    "user": 1,
    "content_type": 9,
    "object_id": "12",
    "object_repr": "Комментарий от fdgdfgdf к статье Voluptatem quia voluptas2",
    "action_flag": 1,
    "change_message": "[{\"added\": {}}]"
  }
},
{
  "model": "admin.logentry",
  "pk": 49,
  "fields": {
    "action_time": "2023-05-18T07:02:02.383Z",
    "user": 1,
    "content_type": 9,
    "object_id": "13",
    "object_repr": "Комментарий от Евгений Сергеевич Волочек к статье Voluptatem quia voluptas2",
    "action_flag": 1,
    "change_message": "[{\"added\": {}}]"
  }
},
{
  "model": "admin.logentry",
  "pk": 50,
  "fields": {
    "action_time": "2023-05-18T07:02:14.893Z",
    "user": 1,
    "content_type": 9,
    "object_id": "14",
    "object_repr": "Комментарий от Mary Mary к статье Voluptatem quia voluptas2",
    "action_flag": 1,
    "change_message": "[{\"added\": {}}]"
  }
},
{
  "model": "admin.logentry",
  "pk": 51,
  "fields": {
    "action_time": "2023-05-18T07:32:04.662Z",
    "user": 1,
    "content_type": 7,
    "object_id": "10",
    "object_repr": "Тестовый пост",
    "action_flag": 1,
    "change_message": "[{\"added\": {}}]"
  }
},
{
  "model": "admin.logentry",
  "pk": 52,
  "fields": {
    "action_time": "2023-05-18T08:41:19.288Z",
    "user": 1,
    "content_type": 12,
    "object_id": "1",
    "object_repr": "read-more.com",
    "action_flag": 2,
    "change_message": "[{\"changed\": {\"fields\": [\"Domain name\", \"Display name\"]}}]"
  }
},
{
  "model": "admin.logentry",
  "pk": 53,
  "fields": {
    "action_time": "2023-05-18T08:41:28.654Z",
    "user": 1,
    "content_type": 12,
    "object_id": "1",
    "object_repr": "read-more",
    "action_flag": 2,
    "change_message": "[{\"changed\": {\"fields\": [\"Domain name\"]}}]"
  }
},
{
  "model": "admin.logentry",
  "pk": 54,
  "fields": {
    "action_time": "2023-05-18T08:42:28.003Z",
    "user": 1,
    "content_type": 12,
    "object_id": "1",
    "object_repr": "read-more.com",
    "action_flag": 2,
    "change_message": "[{\"changed\": {\"fields\": [\"Domain name\"]}}]"
  }
},
{
  "model": "admin.logentry",
  "pk": 55,
  "fields": {
    "action_time": "2023-05-18T11:46:13.581Z",
    "user": 1,
    "content_type": 13,
    "object_id": "1",
    "object_repr": "Веб-разработка",
    "action_flag": 1,
    "change_message": "[{\"added\": {}}]"
  }
},
{
  "model": "admin.logentry",
  "pk": 56,
  "fields": {
    "action_time": "2023-05-18T11:46:47.564Z",
    "user": 1,
    "content_type": 13,
    "object_id": "2",
    "object_repr": "Тестирование",
    "action_flag": 1,
    "change_message": "[{\"added\": {}}]"
  }
},
{
  "model": "admin.logentry",
  "pk": 57,
  "fields": {
    "action_time": "2023-05-18T11:47:11.516Z",
    "user": 1,
    "content_type": 13,
    "object_id": "3",
    "object_repr": "Веб-дизайн",
    "action_flag": 1,
    "change_message": "[{\"added\": {}}]"
  }
},
{
  "model": "admin.logentry",
  "pk": 58,
  "fields": {
    "action_time": "2023-05-18T11:47:29.616Z",
    "user": 1,
    "content_type": 13,
    "object_id": "4",
    "object_repr": "Боты",
    "action_flag": 1,
    "change_message": "[{\"added\": {}}]"
  }
},
{
  "model": "admin.logentry",
  "pk": 59,
  "fields": {
    "action_time": "2023-05-18T11:58:37.474Z",
    "user": 1,
    "content_type": 7,
    "object_id": "6",
    "object_repr": "Voluptatem quia voluptas",
    "action_flag": 2,
    "change_message": "[{\"changed\": {\"fields\": [\"\\u041a\\u0430\\u0442\\u0435\\u0433\\u043e\\u0440\\u0438\\u044f\"]}}]"
  }
},
{
  "model": "admin.logentry",
  "pk": 60,
  "fields": {
    "action_time": "2023-05-18T11:58:43.901Z",
    "user": 1,
    "content_type": 7,
    "object_id": "7",
    "object_repr": "Voluptatem quia voluptas2",
    "action_flag": 2,
    "change_message": "[{\"changed\": {\"fields\": [\"\\u041a\\u0430\\u0442\\u0435\\u0433\\u043e\\u0440\\u0438\\u044f\"]}}]"
  }
},
{
  "model": "admin.logentry",
  "pk": 61,
  "fields": {
    "action_time": "2023-05-18T11:58:49.812Z",
    "user": 1,
    "content_type": 7,
    "object_id": "8",
    "object_repr": "Voluptatem quia voluptas3",
    "action_flag": 2,
    "change_message": "[{\"changed\": {\"fields\": [\"\\u041a\\u0430\\u0442\\u0435\\u0433\\u043e\\u0440\\u0438\\u044f\"]}}]"
  }
},
{
  "model": "admin.logentry",
  "pk": 62,
  "fields": {
    "action_time": "2023-05-18T11:58:55.418Z",
    "user": 1,
    "content_type": 7,
    "object_id": "9",
    "object_repr": "Voluptatem quia voluptas4",
    "action_flag": 2,
    "change_message": "[{\"changed\": {\"fields\": [\"\\u041a\\u0430\\u0442\\u0435\\u0433\\u043e\\u0440\\u0438\\u044f\"]}}]"
  }
},
{
  "model": "admin.logentry",
  "pk": 63,
  "fields": {
    "action_time": "2023-05-18T11:59:35.257Z",
    "user": 1,
    "content_type": 7,
    "object_id": "10",
    "object_repr": "Тестовый пост",
    "action_flag": 2,
    "change_message": "[{\"changed\": {\"fields\": [\"\\u041a\\u0430\\u0442\\u0435\\u0433\\u043e\\u0440\\u0438\\u044f\"]}}]"
  }
},
{
  "model": "auth.permission",
  "pk": 1,
  "fields": {
    "name": "Can add log entry",
    "content_type": 1,
    "codename": "add_logentry"
  }
},
{
  "model": "auth.permission",
  "pk": 2,
  "fields": {
    "name": "Can change log entry",
    "content_type": 1,
    "codename": "change_logentry"
  }
},
{
  "model": "auth.permission",
  "pk": 3,
  "fields": {
    "name": "Can delete log entry",
    "content_type": 1,
    "codename": "delete_logentry"
  }
},
{
  "model": "auth.permission",
  "pk": 4,
  "fields": {
    "name": "Can view log entry",
    "content_type": 1,
    "codename": "view_logentry"
  }
},
{
  "model": "auth.permission",
  "pk": 5,
  "fields": {
    "name": "Can add permission",
    "content_type": 2,
    "codename": "add_permission"
  }
},
{
  "model": "auth.permission",
  "pk": 6,
  "fields": {
    "name": "Can change permission",
    "content_type": 2,
    "codename": "change_permission"
  }
},
{
  "model": "auth.permission",
  "pk": 7,
  "fields": {
    "name": "Can delete permission",
    "content_type": 2,
    "codename": "delete_permission"
  }
},
{
  "model": "auth.permission",
  "pk": 8,
  "fields": {
    "name": "Can view permission",
    "content_type": 2,
    "codename": "view_permission"
  }
},
{
  "model": "auth.permission",
  "pk": 9,
  "fields": {
    "name": "Can add group",
    "content_type": 3,
    "codename": "add_group"
  }
},
{
  "model": "auth.permission",
  "pk": 10,
  "fields": {
    "name": "Can change group",
    "content_type": 3,
    "codename": "change_group"
  }
},
{
  "model": "auth.permission",
  "pk": 11,
  "fields": {
    "name": "Can delete group",
    "content_type": 3,
    "codename": "delete_group"
  }
},
{
  "model": "auth.permission",
  "pk": 12,
  "fields": {
    "name": "Can view group",
    "content_type": 3,
    "codename": "view_group"
  }
},
{
  "model": "auth.permission",
  "pk": 13,
  "fields": {
    "name": "Can add user",
    "content_type": 4,
    "codename": "add_user"
  }
},
{
  "model": "auth.permission",
  "pk": 14,
  "fields": {
    "name": "Can change user",
    "content_type": 4,
    "codename": "change_user"
  }
},
{
  "model": "auth.permission",
  "pk": 15,
  "fields": {
    "name": "Can delete user",
    "content_type": 4,
    "codename": "delete_user"
  }
},
{
  "model": "auth.permission",
  "pk": 16,
  "fields": {
    "name": "Can view user",
    "content_type": 4,
    "codename": "view_user"
  }
},
{
  "model": "auth.permission",
  "pk": 17,
  "fields": {
    "name": "Can add content type",
    "content_type": 5,
    "codename": "add_contenttype"
  }
},
{
  "model": "auth.permission",
  "pk": 18,
  "fields": {
    "name": "Can change content type",
    "content_type": 5,
    "codename": "change_contenttype"
  }
},
{
  "model": "auth.permission",
  "pk": 19,
  "fields": {
    "name": "Can delete content type",
    "content_type": 5,
    "codename": "delete_contenttype"
  }
},
{
  "model": "auth.permission",
  "pk": 20,
  "fields": {
    "name": "Can view content type",
    "content_type": 5,
    "codename": "view_contenttype"
  }
},
{
  "model": "auth.permission",
  "pk": 21,
  "fields": {
    "name": "Can add session",
    "content_type": 6,
    "codename": "add_session"
  }
},
{
  "model": "auth.permission",
  "pk": 22,
  "fields": {
    "name": "Can change session",
    "content_type": 6,
    "codename": "change_session"
  }
},
{
  "model": "auth.permission",
  "pk": 23,
  "fields": {
    "name": "Can delete session",
    "content_type": 6,
    "codename": "delete_session"
  }
},
{
  "model": "auth.permission",
  "pk": 24,
  "fields": {
    "name": "Can view session",
    "content_type": 6,
    "codename": "view_session"
  }
},
{
  "model": "auth.permission",
  "pk": 25,
  "fields": {
    "name": "Can add post",
    "content_type": 7,
    "codename": "add_post"
  }
},
{
  "model": "auth.permission",
  "pk": 26,
  "fields": {
    "name": "Can change post",
    "content_type": 7,
    "codename": "change_post"
  }
},
{
  "model": "auth.permission",
  "pk": 27,
  "fields": {
    "name": "Can delete post",
    "content_type": 7,
    "codename": "delete_post"
  }
},
{
  "model": "auth.permission",
  "pk": 28,
  "fields": {
    "name": "Can view post",
    "content_type": 7,
    "codename": "view_post"
  }
},
{
  "model": "auth.permission",
  "pk": 29,
  "fields": {
    "name": "Can add kv store",
    "content_type": 8,
    "codename": "add_kvstore"
  }
},
{
  "model": "auth.permission",
  "pk": 30,
  "fields": {
    "name": "Can change kv store",
    "content_type": 8,
    "codename": "change_kvstore"
  }
},
{
  "model": "auth.permission",
  "pk": 31,
  "fields": {
    "name": "Can delete kv store",
    "content_type": 8,
    "codename": "delete_kvstore"
  }
},
{
  "model": "auth.permission",
  "pk": 32,
  "fields": {
    "name": "Can view kv store",
    "content_type": 8,
    "codename": "view_kvstore"
  }
},
{
  "model": "auth.permission",
  "pk": 33,
  "fields": {
    "name": "Can add comment",
    "content_type": 9,
    "codename": "add_comment"
  }
},
{
  "model": "auth.permission",
  "pk": 34,
  "fields": {
    "name": "Can change comment",
    "content_type": 9,
    "codename": "change_comment"
  }
},
{
  "model": "auth.permission",
  "pk": 35,
  "fields": {
    "name": "Can delete comment",
    "content_type": 9,
    "codename": "delete_comment"
  }
},
{
  "model": "auth.permission",
  "pk": 36,
  "fields": {
    "name": "Can view comment",
    "content_type": 9,
    "codename": "view_comment"
  }
},
{
  "model": "auth.permission",
  "pk": 37,
  "fields": {
    "name": "Can add tag",
    "content_type": 10,
    "codename": "add_tag"
  }
},
{
  "model": "auth.permission",
  "pk": 38,
  "fields": {
    "name": "Can change tag",
    "content_type": 10,
    "codename": "change_tag"
  }
},
{
  "model": "auth.permission",
  "pk": 39,
  "fields": {
    "name": "Can delete tag",
    "content_type": 10,
    "codename": "delete_tag"
  }
},
{
  "model": "auth.permission",
  "pk": 40,
  "fields": {
    "name": "Can view tag",
    "content_type": 10,
    "codename": "view_tag"
  }
},
{
  "model": "auth.permission",
  "pk": 41,
  "fields": {
    "name": "Can add tagged item",
    "content_type": 11,
    "codename": "add_taggeditem"
  }
},
{
  "model": "auth.permission",
  "pk": 42,
  "fields": {
    "name": "Can change tagged item",
    "content_type": 11,
    "codename": "change_taggeditem"
  }
},
{
  "model": "auth.permission",
  "pk": 43,
  "fields": {
    "name": "Can delete tagged item",
    "content_type": 11,
    "codename": "delete_taggeditem"
  }
},
{
  "model": "auth.permission",
  "pk": 44,
  "fields": {
    "name": "Can view tagged item",
    "content_type": 11,
    "codename": "view_taggeditem"
  }
},
{
  "model": "auth.permission",
  "pk": 45,
  "fields": {
    "name": "Can add site",
    "content_type": 12,
    "codename": "add_site"
  }
},
{
  "model": "auth.permission",
  "pk": 46,
  "fields": {
    "name": "Can change site",
    "content_type": 12,
    "codename": "change_site"
  }
},
{
  "model": "auth.permission",
  "pk": 47,
  "fields": {
    "name": "Can delete site",
    "content_type": 12,
    "codename": "delete_site"
  }
},
{
  "model": "auth.permission",
  "pk": 48,
  "fields": {
    "name": "Can view site",
    "content_type": 12,
    "codename": "view_site"
  }
},
{
  "model": "auth.permission",
  "pk": 49,
  "fields": {
    "name": "Can add Категория",
    "content_type": 13,
    "codename": "add_category"
  }
},
{
  "model": "auth.permission",
  "pk": 50,
  "fields": {
    "name": "Can change Категория",
    "content_type": 13,
    "codename": "change_category"
  }
},
{
  "model": "auth.permission",
  "pk": 51,
  "fields": {
    "name": "Can delete Категория",
    "content_type": 13,
    "codename": "delete_category"
  }
},
{
  "model": "auth.permission",
  "pk": 52,
  "fields": {
    "name": "Can view Категория",
    "content_type": 13,
    "codename": "view_category"
  }
},
{
  "model": "auth.user",
  "pk": 1,
  "fields": {
    "password": "pbkdf2_sha256$600000$BHafnyCWrznhEngsXQTpok$XjEVnRi0C4DwFzrwtEuMB8bDvlCTCWT3u0PAZmgT+FE=",
    "last_login": "2023-05-17T08:28:20.277Z",
    "is_superuser": true,
    "username": "admin",
    "first_name": "",
    "last_name": "",
    "email": "admin@example.com",
    "is_staff": true,
    "is_active": true,
    "date_joined": "2023-05-15T05:28:50.445Z",
    "groups": [],
    "user_permissions": []
  }
},
{
  "model": "contenttypes.contenttype",
  "pk": 1,
  "fields": {
    "app_label": "admin",
    "model": "logentry"
  }
},
{
  "model": "contenttypes.contenttype",
  "pk": 2,
  "fields": {
    "app_label": "auth",
    "model": "permission"
  }
},
{
  "model": "contenttypes.contenttype",
  "pk": 3,
  "fields": {
    "app_label": "auth",
    "model": "group"
  }
},
{
  "model": "contenttypes.contenttype",
  "pk": 4,
  "fields": {
    "app_label": "auth",
    "model": "user"
  }
},
{
  "model": "contenttypes.contenttype",
  "pk": 5,
  "fields": {
    "app_label": "contenttypes",
    "model": "contenttype"
  }
},
{
  "model": "contenttypes.contenttype",
  "pk": 6,
  "fields": {
    "app_label": "sessions",
    "model": "session"
  }
},
{
  "model": "contenttypes.contenttype",
  "pk": 7,
  "fields": {
    "app_label": "blog",
    "model": "post"
  }
},
{
  "model": "contenttypes.contenttype",
  "pk": 8,
  "fields": {
    "app_label": "thumbnail",
    "model": "kvstore"
  }
},
{
  "model": "contenttypes.contenttype",
  "pk": 9,
  "fields": {
    "app_label": "blog",
    "model": "comment"
  }
},
{
  "model": "contenttypes.contenttype",
  "pk": 10,
  "fields": {
    "app_label": "taggit",
    "model": "tag"
  }
},
{
  "model": "contenttypes.contenttype",
  "pk": 11,
  "fields": {
    "app_label": "taggit",
    "model": "taggeditem"
  }
},
{
  "model": "contenttypes.contenttype",
  "pk": 12,
  "fields": {
    "app_label": "sites",
    "model": "site"
  }
},
{
  "model": "contenttypes.contenttype",
  "pk": 13,
  "fields": {
    "app_label": "blog",
    "model": "category"
  }
},
{
  "model": "sessions.session",
  "pk": "2dkcjudryr5eahtedmvawt5yw5plkod4",
  "fields": {
    "session_data": ".eJxVjDsOwyAQBe9CHSEWwwIp0_sMaGEhOIlsyZ8qyt0jJBdJ-2bmvUWkY2_x2MoaJxZXAeLyuyXKzzJ3wA-a74vMy7yvU5JdkSfd5Lhwed1O9--g0dZ6zWwRKbiaTS7AlhAxgBkSWWDMrL3XGpyuxriqgh8AS1GaEY1CAvH5AudIN0Y:1pzCWC:41STZf5ktSULxESib0piufK09YCwBP0_ou36YZ9GQWw",
    "expire_date": "2023-05-31T08:28:20.288Z"
  }
},
{
  "model": "sessions.session",
  "pk": "4308lscg2006q9vrzudjcwp1up3q7x9g",
  "fields": {
    "session_data": ".eJxVjDsOwjAQBe_iGln-xHhNSZ8zWLveNQmgWMqnQtwdIqWA9s3Me6mM2zrkbZE5j6wuyqrT70ZYHjLtgO843ZoubVrnkfSu6IMuum8sz-vh_h0MuAzf2otFCrbEknwsAQIyUbLnakEAnPHRJahRgqk2cqidI2MYgaET6SKp9wfgsDfg:1pyQm2:NF4TD8GKffwnq01bMbBO77-upcB7JOrUf3JPNg2R3B0",
    "expire_date": "2023-05-29T05:29:30.123Z"
  }
},
{
  "model": "sessions.session",
  "pk": "991hadp1ios22jsnkhobzd2b1kw1m24q",
  "fields": {
    "session_data": ".eJxVjDsOwjAQBe_iGln-xHhNSZ8zWLveNQmgWMqnQtwdIqWA9s3Me6mM2zrkbZE5j6wuyqrT70ZYHjLtgO843ZoubVrnkfSu6IMuum8sz-vh_h0MuAzf2otFCrbEknwsAQIyUbLnakEAnPHRJahRgqk2cqidI2MYgaET6SKp9wfgsDfg:1pypef:hVl9zlGAidI5ZDsrh5PQH0V77ZC0wI0YjdN40MQc43I",
    "expire_date": "2023-05-30T08:03:33.580Z"
  }
},
{
  "model": "sessions.session",
  "pk": "j55kild48pbg3nqt289asozfaiyr83pf",
  "fields": {
    "session_data": ".eJxVjDsOwyAQBe9CHSEWwwIp0_sMaGEhOIlsyZ8qyt0jJBdJ-2bmvUWkY2_x2MoaJxZXAeLyuyXKzzJ3wA-a74vMy7yvU5JdkSfd5Lhwed1O9--g0dZ6zWwRKbiaTS7AlhAxgBkSWWDMrL3XGpyuxriqgh8AS1GaEY1CAvH5AudIN0Y:1pzAjC:zTcQRDIetvL_rRdLlKLbzvExJf9FCmCjEc0wmWj-f1o",
    "expire_date": "2023-05-31T06:33:38.488Z"
  }
},
{
  "model": "sessions.session",
  "pk": "qu9y79iaru4vhu2v5bv4uoribxskykvp",
  "fields": {
    "session_data": ".eJxVjDsOwjAQBe_iGln-xHhNSZ8zWLveNQmgWMqnQtwdIqWA9s3Me6mM2zrkbZE5j6wuyqrT70ZYHjLtgO843ZoubVrnkfSu6IMuum8sz-vh_h0MuAzf2otFCrbEknwsAQIyUbLnakEAnPHRJahRgqk2cqidI2MYgaET6SKp9wfgsDfg:1pyWZY:6Lhd1VZFaAI4CzwN2CZMXr609FuzRhH2XxpbDSwJgDc",
    "expire_date": "2023-05-29T11:41:00.357Z"
  }
},
{
  "model": "blog.category",
  "pk": 1,
  "fields": {
    "name": "Веб-разработка",
    "slug": "web-develop"
  }
},
{
  "model": "blog.category",
  "pk": 2,
  "fields": {
    "name": "Тестирование",
    "slug": "testing"
  }
},
{
  "model": "blog.category",
  "pk": 3,
  "fields": {
    "name": "Веб-дизайн",
    "slug": "web-design"
  }
},
{
  "model": "blog.category",
  "pk": 4,
  "fields": {
    "name": "Боты",
    "slug": "bots"
  }
},
{
  "model": "blog.post",
  "pk": 6,
  "fields": {
    "title": "Voluptatem quia voluptas",
    "slug": "dfsfdg",
    "author": 1,
    "body": "Some quick example text to build on the card title and make up the bulk of the card's content.\r\n\r\nLorem ipsum dolor sit amet, quis Neque porro quisquam est, nostrud exercitation ullamco laboris commodo consequat. There’s an old maxim that states, “No fun for the writer, no fun for the reader.”No matter what industry you’re working in, as a blogger, you should live and die by this statement.\r\n\r\nI must explain to you how all this mistaken idea of denouncing pleasure and praising pain was born and I will give you a complete account of the system, and expound the actual teachings of the great explorer of the truth, the master-builder of human happiness. No one rejects, dislikes, or avoids pleasure itself, because it is pleasure.",
    "category": 1,
    "image": "blog/images/17514562-1636455722_QgQd2hu.jpg",
    "publish": "2023-05-16T08:38:45Z",
    "created": "2023-05-16T08:39:02.483Z",
    "updated": "2023-05-18T11:58:37.467Z",
    "status": "PB"
  }
},
{
  "model": "blog.post",
  "pk": 7,
  "fields": {
    "title": "Voluptatem quia voluptas2",
    "slug": "voluptatem-quia-voluptas2",
    "author": 1,
    "body": "Some quick example text to build on the card title and make up the bulk of the card's content.\r\n\r\nLorem ipsum dolor sit amet, quis Neque porro quisquam est, nostrud exercitation ullamco laboris commodo consequat. There’s an old maxim that states, “No fun for the writer, no fun for the reader.”No matter what industry you’re working in, as a blogger, you should live and die by this statement.\r\n\r\nI must explain to you how all this mistaken idea of denouncing pleasure and praising pain was born and I will give you a complete account of the system, and expound the actual teachings of the great explorer of the truth, the master-builder of human happiness. No one rejects, dislikes, or avoids pleasure itself, because it is pleasure.",
    "category": 1,
    "image": "blog/images/survey-suggestion-opinion-review-feedback-concept-2021-08-27-00-05-54-utc.jpg",
    "publish": "2023-05-16T09:53:22Z",
    "created": "2023-05-16T09:53:58.179Z",
    "updated": "2023-05-18T11:58:43.895Z",
    "status": "PB"
  }
},
{
  "model": "blog.post",
  "pk": 8,
  "fields": {
    "title": "Voluptatem quia voluptas3",
    "slug": "voluptatem-quia-voluptas3",
    "author": 1,
    "body": "Some quick example text to build on the card title and make up the bulk of the card's content.\r\n\r\nLorem ipsum dolor sit amet, quis Neque porro quisquam est, nostrud exercitation ullamco laboris commodo consequat. There’s an old maxim that states, “No fun for the writer, no fun for the reader.”No matter what industry you’re working in, as a blogger, you should live and die by this statement.\r\n\r\nI must explain to you how all this mistaken idea of denouncing pleasure and praising pain was born and I will give you a complete account of the system, and expound the actual teachings of the great explorer of the truth, the master-builder of human happiness. No one rejects, dislikes, or avoids pleasure itself, because it is pleasure.",
    "category": 2,
    "image": "blog/images/fnql4wnxsasczl3.jpg",
    "publish": "2023-05-16T09:54:00Z",
    "created": "2023-05-16T09:54:19.487Z",
    "updated": "2023-05-18T11:58:49.808Z",
    "status": "PB"
  }
},
{
  "model": "blog.post",
  "pk": 9,
  "fields": {
    "title": "Voluptatem quia voluptas4",
    "slug": "voluptatem-quia-voluptas4",
    "author": 1,
    "body": "Some quick example text to build on the card title and make up the bulk of the card's content.\r\n\r\nLorem ipsum dolor sit amet, quis Neque porro quisquam est, nostrud exercitation ullamco laboris commodo consequat. There’s an old maxim that states, “No fun for the writer, no fun for the reader.”No matter what industry you’re working in, as a blogger, you should live and die by this statement.\r\n\r\nI must explain to you how all this mistaken idea of denouncing pleasure and praising pain was born and I will give you a complete account of the system, and expound the actual teachings of the great explorer of the truth, the master-builder of human happiness. No one rejects, dislikes, or avoids pleasure itself, because it is pleasure.",
    "category": 4,
    "image": "blog/images/shutterstock_411124972.jpg",
    "publish": "2023-05-16T09:54:24Z",
    "created": "2023-05-16T09:54:44.068Z",
    "updated": "2023-05-18T11:58:55.413Z",
    "status": "PB"
  }
},
{
  "model": "blog.post",
  "pk": 10,
  "fields": {
    "title": "Тестовый пост",
    "slug": "testovyj-post",
    "author": 1,
    "body": "выфвыаыва",
    "category": 4,
    "image": "blog/images/Videoigra-The-Elder-Scrolls-Online-Tamriel-Unlimited-PS4_4.jpg",
    "publish": "2023-05-18T07:31:30Z",
    "created": "2023-05-18T07:32:04.661Z",
    "updated": "2023-05-18T11:59:35.253Z",
    "status": "PB"
  }
},
{
  "model": "blog.comment",
  "pk": 11,
  "fields": {
    "post": 7,
    "name": "Евгений Сергеевич Волочек",
    "email": "volochek93@yandex.ru",
    "body": "fdgdfgdfgdfgdfg",
    "created": "2023-05-18T07:01:16.162Z",
    "updated": "2023-05-18T07:01:16.162Z",
    "active": true
  }
},
{
  "model": "blog.comment",
  "pk": 12,
  "fields": {
    "post": 7,
    "name": "fdgdfgdf",
    "email": "12213123123123@asdasdsa.ru",
    "body": "dfgdfgdg",
    "created": "2023-05-18T07:01:28.927Z",
    "updated": "2023-05-18T07:01:28.927Z",
    "active": true
  }
},
{
  "model": "blog.comment",
  "pk": 13,
  "fields": {
    "post": 7,
    "name": "Евгений Сергеевич Волочек",
    "email": "volochek93@yandex.ru",
    "body": "dfgdfgdfgdfg",
    "created": "2023-05-18T07:02:02.380Z",
    "updated": "2023-05-18T07:02:02.380Z",
    "active": true
  }
},
{
  "model": "blog.comment",
  "pk": 14,
  "fields": {
    "post": 7,
    "name": "Mary Mary",
    "email": "test1000@yert.ru",
    "body": "sdfsdfsdfsd",
    "created": "2023-05-18T07:02:14.893Z",
    "updated": "2023-05-18T07:02:14.893Z",
    "active": true
  }
},
{
  "model": "thumbnail.kvstore",
  "pk": "sorl-thumbnail||image||07b788acf1b504bb3193f59e5eed40b9",
  "fields": {
    "value": "{\"name\": \"blog/images/fnql4wnxsasczl3.jpg\", \"storage\": \"django.core.files.storage.filesystem.FileSystemStorage\", \"size\": [4096, 2730]}"
  }
},
{
  "model": "thumbnail.kvstore",
  "pk": "sorl-thumbnail||image||08a3d2a4767d56e57d9104f9a2f5da17",
  "fields": {
    "value": "{\"name\": \"cache/42/ab/42ab661fbb44af97ab82947953ebbafe.jpg\", \"storage\": \"django.core.files.storage.filesystem.FileSystemStorage\", \"size\": [500, 333]}"
  }
},
{
  "model": "thumbnail.kvstore",
  "pk": "sorl-thumbnail||image||0e4ed3efba786d4a0fb8f5b75a499d61",
  "fields": {
    "value": "{\"name\": \"cache/88/82/8882cbc51d783628833bb073cd1bea39.jpg\", \"storage\": \"django.core.files.storage.filesystem.FileSystemStorage\", \"size\": [500, 333]}"
  }
},
{
  "model": "thumbnail.kvstore",
  "pk": "sorl-thumbnail||image||12bed4bedfc0d4b9bf2edaed8f08201d",
  "fields": {
    "value": "{\"name\": \"cache/57/b1/57b1a73389e57d5dc1e2bfa9abdb1e03.jpg\", \"storage\": \"django.core.files.storage.filesystem.FileSystemStorage\", \"size\": [820, 513]}"
  }
},
{
  "model": "thumbnail.kvstore",
  "pk": "sorl-thumbnail||image||3b1f88832cc12315276d1c8f698d3708",
  "fields": {
    "value": "{\"name\": \"cache/bf/55/bf55a87cda6a7e656295c3a8b2834d88.jpg\", \"storage\": \"django.core.files.storage.filesystem.FileSystemStorage\", \"size\": [500, 333]}"
  }
},
{
  "model": "thumbnail.kvstore",
  "pk": "sorl-thumbnail||image||4427775f3b5ac99df2c82ae3ed991888",
  "fields": {
    "value": "{\"name\": \"cache/eb/ae/ebae75397f693c8e557ec23479e9f70e.jpg\", \"storage\": \"django.core.files.storage.filesystem.FileSystemStorage\", \"size\": [500, 333]}"
  }
},
{
  "model": "thumbnail.kvstore",
  "pk": "sorl-thumbnail||image||5e97fd6e53d6b2e5a6a06c2d218e114b",
  "fields": {
    "value": "{\"name\": \"blog/images/Videoigra-The-Elder-Scrolls-Online-Tamriel-Unlimited-PS4_4.jpg\", \"storage\": \"django.core.files.storage.filesystem.FileSystemStorage\", \"size\": [1280, 720]}"
  }
},
{
  "model": "thumbnail.kvstore",
  "pk": "sorl-thumbnail||image||6695c3970c2507264c250ef49faa788c",
  "fields": {
    "value": "{\"name\": \"cache/2b/09/2b0925ab5158231204124778f085e675.jpg\", \"storage\": \"django.core.files.storage.filesystem.FileSystemStorage\", \"size\": [820, 513]}"
  }
},
{
  "model": "thumbnail.kvstore",
  "pk": "sorl-thumbnail||image||8baf7804c93b5cede3ef4c85074b5dce",
  "fields": {
    "value": "{\"name\": \"blog/images/17514562-1636455722_QgQd2hu.jpg\", \"storage\": \"django.core.files.storage.filesystem.FileSystemStorage\", \"size\": [660, 440]}"
  }
},
{
  "model": "thumbnail.kvstore",
  "pk": "sorl-thumbnail||image||92cab4bed16b7291c78292900a2c74e8",
  "fields": {
    "value": "{\"name\": \"blog/images/survey-suggestion-opinion-review-feedback-concept-2021-08-27-00-05-54-utc.jpg\", \"storage\": \"django.core.files.storage.filesystem.FileSystemStorage\", \"size\": [1600, 1105]}"
  }
},
{
  "model": "thumbnail.kvstore",
  "pk": "sorl-thumbnail||image||9b471c7ff89a21636862bd1fe3ad2ae9",
  "fields": {
    "value": "{\"name\": \"cache/9a/73/9a738e47fb79ec83d446181d16f7efa2.jpg\", \"storage\": \"django.core.files.storage.filesystem.FileSystemStorage\", \"size\": [500, 333]}"
  }
},
{
  "model": "thumbnail.kvstore",
  "pk": "sorl-thumbnail||image||9f1d1a616739975336a19e88564a176f",
  "fields": {
    "value": "{\"name\": \"cache/5e/a1/5ea18b46cd61149348790ebd140686b7.jpg\", \"storage\": \"django.core.files.storage.filesystem.FileSystemStorage\", \"size\": [500, 333]}"
  }
},
{
  "model": "thumbnail.kvstore",
  "pk": "sorl-thumbnail||image||a6408992029a0f30de41bf8af53e9f15",
  "fields": {
    "value": "{\"name\": \"blog/images/17514562-1636455722.jpg\", \"storage\": \"django.core.files.storage.filesystem.FileSystemStorage\", \"size\": [660, 440]}"
  }
},
{
  "model": "thumbnail.kvstore",
  "pk": "sorl-thumbnail||image||bb16877992443263e681cc8d05bdd31d",
  "fields": {
    "value": "{\"name\": \"cache/10/e6/10e66e2c80d1c5b2bba9c1e718ecf0ff.jpg\", \"storage\": \"django.core.files.storage.filesystem.FileSystemStorage\", \"size\": [820, 513]}"
  }
},
{
  "model": "thumbnail.kvstore",
  "pk": "sorl-thumbnail||image||bb41acb66105452a579dc09352c66e8a",
  "fields": {
    "value": "{\"name\": \"cache/e0/69/e0690d02d176e77ade9f07cf650b4966.jpg\", \"storage\": \"django.core.files.storage.filesystem.FileSystemStorage\", \"size\": [820, 513]}"
  }
},
{
  "model": "thumbnail.kvstore",
  "pk": "sorl-thumbnail||image||e176ec180e731f91f319042992159f49",
  "fields": {
    "value": "{\"name\": \"cache/52/be/52beeec88362934d6a4a04b472a0c1b2.jpg\", \"storage\": \"django.core.files.storage.filesystem.FileSystemStorage\", \"size\": [820, 513]}"
  }
},
{
  "model": "thumbnail.kvstore",
  "pk": "sorl-thumbnail||image||eee4c2b0838bd78de9cef1ba48e3aa37",
  "fields": {
    "value": "{\"name\": \"blog/images/shutterstock_411124972.jpg\", \"storage\": \"django.core.files.storage.filesystem.FileSystemStorage\", \"size\": [4840, 2856]}"
  }
},
{
  "model": "thumbnail.kvstore",
  "pk": "sorl-thumbnail||thumbnails||07b788acf1b504bb3193f59e5eed40b9",
  "fields": {
    "value": "[\"12bed4bedfc0d4b9bf2edaed8f08201d\", \"4427775f3b5ac99df2c82ae3ed991888\"]"
  }
},
{
  "model": "thumbnail.kvstore",
  "pk": "sorl-thumbnail||thumbnails||5e97fd6e53d6b2e5a6a06c2d218e114b",
  "fields": {
    "value": "[\"6695c3970c2507264c250ef49faa788c\", \"3b1f88832cc12315276d1c8f698d3708\"]"
  }
},
{
  "model": "thumbnail.kvstore",
  "pk": "sorl-thumbnail||thumbnails||8baf7804c93b5cede3ef4c85074b5dce",
  "fields": {
    "value": "[\"9b471c7ff89a21636862bd1fe3ad2ae9\", \"bb41acb66105452a579dc09352c66e8a\"]"
  }
},
{
  "model": "thumbnail.kvstore",
  "pk": "sorl-thumbnail||thumbnails||92cab4bed16b7291c78292900a2c74e8",
  "fields": {
    "value": "[\"0e4ed3efba786d4a0fb8f5b75a499d61\", \"e176ec180e731f91f319042992159f49\"]"
  }
},
{
  "model": "thumbnail.kvstore",
  "pk": "sorl-thumbnail||thumbnails||a6408992029a0f30de41bf8af53e9f15",
  "fields": {
    "value": "[\"9f1d1a616739975336a19e88564a176f\"]"
  }
},
{
  "model": "thumbnail.kvstore",
  "pk": "sorl-thumbnail||thumbnails||eee4c2b0838bd78de9cef1ba48e3aa37",
  "fields": {
    "value": "[\"bb16877992443263e681cc8d05bdd31d\", \"08a3d2a4767d56e57d9104f9a2f5da17\"]"
  }
},
{
  "model": "taggit.tag",
  "pk": 1,
  "fields": {
    "name": "jazz",
    "slug": "jazz"
  }
},
{
  "model": "taggit.tag",
  "pk": 2,
  "fields": {
    "name": "music",
    "slug": "music"
  }
},
{
  "model": "taggit.tag",
  "pk": 3,
  "fields": {
    "name": "django",
    "slug": "django"
  }
},
{
  "model": "taggit.tag",
  "pk": 4,
  "fields": {
    "name": "rock",
    "slug": "rock"
  }
},
{
  "model": "taggit.tag",
  "pk": 5,
  "fields": {
    "name": "sdfsdf",
    "slug": "sdfsdf"
  }
},
{
  "model": "taggit.tag",
  "pk": 6,
  "fields": {
    "name": "rockdsfsdfsdfsd",
    "slug": "rockdsfsdfsdfsd"
  }
},
{
  "model": "taggit.tag",
  "pk": 7,
  "fields": {
    "name": "fdgfdg",
    "slug": "fdgfdg"
  }
},
{
  "model": "taggit.tag",
  "pk": 8,
  "fields": {
    "name": "sdfsdfs",
    "slug": "sdfsdfs"
  }
},
{
  "model": "taggit.tag",
  "pk": 9,
  "fields": {
    "name": "html",
    "slug": "html"
  }
},
{
  "model": "taggit.tag",
  "pk": 10,
  "fields": {
    "name": "bootstrap",
    "slug": "bootstrap"
  }
},
{
  "model": "taggit.tag",
  "pk": 11,
  "fields": {
    "name": "css",
    "slug": "css"
  }
},
{
  "model": "taggit.tag",
  "pk": 12,
  "fields": {
    "name": "python",
    "slug": "python"
  }
},
{
  "model": "taggit.tag",
  "pk": 13,
  "fields": {
    "name": "javascript",
    "slug": "javascript"
  }
},
{
  "model": "taggit.tag",
  "pk": 14,
  "fields": {
    "name": "oop",
    "slug": "oop"
  }
},
{
  "model": "taggit.tag",
  "pk": 15,
  "fields": {
    "name": "GPT",
    "slug": "gpt"
  }
},
{
  "model": "taggit.tag",
  "pk": 16,
  "fields": {
    "name": "new",
    "slug": "new"
  }
},
{
  "model": "taggit.taggeditem",
  "pk": 9,
  "fields": {
    "tag": 4,
    "content_type": 7,
    "object_id": 6
  }
},
{
  "model": "taggit.taggeditem",
  "pk": 10,
  "fields": {
    "tag": 2,
    "content_type": 7,
    "object_id": 7
  }
},
{
  "model": "taggit.taggeditem",
  "pk": 11,
  "fields": {
    "tag": 4,
    "content_type": 7,
    "object_id": 7
  }
},
{
  "model": "taggit.taggeditem",
  "pk": 12,
  "fields": {
    "tag": 2,
    "content_type": 7,
    "object_id": 8
  }
},
{
  "model": "taggit.taggeditem",
  "pk": 13,
  "fields": {
    "tag": 3,
    "content_type": 7,
    "object_id": 8
  }
},
{
  "model": "taggit.taggeditem",
  "pk": 14,
  "fields": {
    "tag": 9,
    "content_type": 7,
    "object_id": 9
  }
},
{
  "model": "taggit.taggeditem",
  "pk": 15,
  "fields": {
    "tag": 3,
    "content_type": 7,
    "object_id": 6
  }
},
{
  "model": "taggit.taggeditem",
  "pk": 16,
  "fields": {
    "tag": 9,
    "content_type": 7,
    "object_id": 6
  }
},
{
  "model": "taggit.taggeditem",
  "pk": 17,
  "fields": {
    "tag": 10,
    "content_type": 7,
    "object_id": 6
  }
},
{
  "model": "taggit.taggeditem",
  "pk": 18,
  "fields": {
    "tag": 11,
    "content_type": 7,
    "object_id": 6
  }
},
{
  "model": "taggit.taggeditem",
  "pk": 19,
  "fields": {
    "tag": 12,
    "content_type": 7,
    "object_id": 6
  }
},
{
  "model": "taggit.taggeditem",
  "pk": 20,
  "fields": {
    "tag": 13,
    "content_type": 7,
    "object_id": 9
  }
},
{
  "model": "taggit.taggeditem",
  "pk": 21,
  "fields": {
    "tag": 14,
    "content_type": 7,
    "object_id": 9
  }
},
{
  "model": "taggit.taggeditem",
  "pk": 22,
  "fields": {
    "tag": 15,
    "content_type": 7,
    "object_id": 9
  }
},
{
  "model": "taggit.taggeditem",
  "pk": 23,
  "fields": {
    "tag": 16,
    "content_type": 7,
    "object_id": 10
  }
},
{
  "model": "sites.site",
  "pk": 1,
  "fields": {
    "domain": "read-more.com",
    "name": "read-more.com"
  }
}
]
